County,FIPS,White Under 15,White 15 to 19,White 20 to 24,White 25 to 29,White 30 to 34,White 35 to 39,White 40+,Black Under 15,Black 15 to 19,Black 20 to 24,Black 25 to 29,Black 30 to 34,Black 35 to 39,Black 40+,Asian Under 15,Asian 15 to 19,Asian 20 to 24,Asian 25 to 29,Asian 30 to 34,Asian 35 to 39,Asian 40+,Other Under 15,Other 15 to 19,Other 20 to 24,Other 25 to 29,Other 30 to 34,Other 35 to 39,Other 40+,Hispanic Under 15,Hispanic 15 to 19,Hispanic 20 to 24,Hispanic 25 to 29,Hispanic 30 to 34,Hispanic 35 to 39,Hispanic 40+
ANDERSON,1,2197,801,716,749,779,804,8638,646,224,192,218,219,195,1483,19,7,10,14,10,12,68,247,53,49,51,22,14,205,1030,316,308,269,225,188,1189
ANDREWS,3,597,177,141,206,229,252,1541,30,5,16,5,5,3,28,6,0,1,5,2,3,23,24,13,11,8,5,7,50,1671,547,423,421,404,424,1720
ANGELINA,5,3909,1446,1338,1496,1577,1437,14877,1336,483,496,520,508,403,3040,56,22,33,30,29,38,255,269,70,74,53,42,36,212,2794,967,868,720,639,619,3067
ARANSAS,7,759,308,268,339,323,343,5792,14,3,4,5,5,7,59,31,14,11,14,8,13,142,50,12,17,14,8,12,128,771,264,245,230,225,205,1587
ARCHER,9,564,192,173,166,216,202,2178,7,2,3,0,1,0,11,2,0,0,0,0,0,10,31,13,7,10,6,5,49,115,52,40,29,31,28,151
ARMSTRONG,11,131,46,44,51,38,53,505,0,0,1,1,0,0,2,0,0,0,0,0,0,0,8,0,1,0,0,3,9,11,5,6,7,1,2,25
ATASCOSA,13,1253,488,390,452,464,476,4657,20,11,8,15,7,7,39,15,1,3,7,4,3,39,78,17,15,18,9,13,117,3720,1266,1135,1037,1032,1069,6601
AUSTIN,15,1205,446,385,452,434,456,5883,259,95,99,101,77,75,694,12,7,3,5,2,5,36,92,28,23,15,5,10,106,1180,361,338,310,290,281,1365
BAILEY,17,171,62,41,43,40,65,643,12,5,0,0,2,0,11,0,0,0,0,0,3,0,21,6,2,7,3,5,28,563,229,187,147,155,139,791
BANDERA,19,873,311,257,308,317,331,5941,15,1,4,2,0,3,33,1,0,2,0,1,1,21,53,12,15,12,10,9,129,403,164,120,124,109,124,1123
BASTROP,21,3255,1196,1130,1315,1419,1487,16165,603,206,204,193,180,186,1718,37,20,15,13,17,35,181,338,97,75,67,58,34,430,5544,2015,1447,1313,1191,1241,6102
BAYLOR,23,207,78,53,71,90,84,872,4,0,3,0,0,0,13,0,0,0,0,0,0,0,17,3,3,0,0,1,22,65,18,16,14,13,14,97
BEE,25,463,184,133,161,197,188,2031,40,22,14,11,13,11,88,7,2,2,7,5,4,46,47,7,13,13,4,7,80,1900,702,601,561,533,540,3281
BELL,27,13603,4438,5379,6177,6118,5230,40335,8624,2964,3208,4006,3284,2919,14745,883,284,378,502,473,438,3718,3524,876,875,801,700,584,2153,13489,3965,4378,4217,3727,3840,15106
BEXAR,29,36984,13148,15373,18525,19553,18365,144728,13175,4867,5800,6376,5634,5562,31432,4576,1621,2111,2816,2873,2799,14442,7338,1990,2014,2039,1712,1548,6286,134545,47482,48022,49049,46636,45329,252684
BLANCO,31,494,209,171,189,183,174,3273,2,2,0,2,2,4,10,2,1,5,3,1,1,21,18,6,9,2,4,7,42,230,84,66,58,70,90,491
BORDEN,33,36,21,10,11,10,16,143,0,0,0,0,0,0,0,0,0,0,0,0,0,0,0,0,0,0,0,0,4,5,4,2,2,1,3,18
BOSQUE,35,893,357,257,304,331,323,4582,38,3,11,9,6,10,76,3,4,2,0,0,3,14,59,21,13,17,9,7,110,421,154,152,99,118,161,656
BOWIE,37,4389,1631,1433,1691,1767,1734,16405,2307,799,692,911,850,726,4972,63,19,41,27,46,49,275,593,122,117,100,58,72,524,918,246,234,223,175,171,737
BRAZORIA,39,13813,4799,4087,4881,5506,5960,46619,4632,1754,1486,1663,1712,2005,11822,2346,911,718,813,1008,1183,6654,1498,427,301,306,310,249,1260,14445,5061,4169,4201,4358,4657,19972
BRAZOS,41,7528,4340,15057,4986,3796,3365,24417,2447,1114,1657,1207,995,897,4882,848,463,1526,824,491,498,1824,741,241,603,260,177,114,495,7001,2909,5114,2542,2250,2109,8204
BREWSTER,43,234,69,75,92,126,139,1528,11,5,17,0,3,5,11,8,5,7,5,4,4,15,31,20,26,40,15,7,88,327,132,152,117,117,131,971
BRISCOE,45,66,17,17,19,20,25,300,1,1,0,0,0,0,6,0,0,0,0,0,0,0,1,0,0,1,0,0,0,44,13,10,8,18,11,107
BROOKS,47,40,11,12,14,11,14,171,1,0,0,0,0,2,0,1,0,0,0,0,0,0,6,0,0,1,0,4,2,673,216,197,160,177,167,1479
BROWN,49,1687,718,668,651,779,730,8272,141,111,57,39,34,23,242,11,0,2,5,7,6,48,80,41,47,22,16,11,165,963,470,370,303,332,342,1657
BURLESON,51,696,235,233,289,296,302,3523,180,92,66,99,68,62,561,1,0,0,0,0,0,5,65,6,5,5,8,4,68,559,171,162,153,127,124,772
BURNET,53,2149,924,781,963,862,924,12080,43,21,34,42,28,35,148,24,6,3,11,10,10,69,107,33,29,29,19,18,193,1581,556,487,429,367,426,2125
CALDWELL,55,916,417,482,489,544,514,5564,139,88,99,89,110,75,620,20,23,58,28,11,5,65,100,22,18,20,23,26,130,2796,1063,947,909,849,859,4780
CALHOUN,57,513,192,158,212,168,194,2586,47,14,12,10,14,8,122,70,43,23,31,23,37,193,31,8,6,6,4,5,40,1146,376,366,323,324,319,1968
CALLAHAN,59,885,329,253,304,344,364,3629,19,8,6,6,2,3,35,3,1,3,2,5,2,21,48,8,13,6,3,7,87,178,52,50,53,54,50,290
CAMERON,61,1895,831,650,712,648,721,12310,160,37,28,37,39,36,208,136,79,73,74,99,106,721,191,73,51,41,84,43,313,45034,16666,14527,13051,11181,10976,80927
CAMP,63,476,164,166,174,180,182,2165,191,71,62,68,51,57,591,4,1,3,2,0,3,4,81,18,10,16,10,9,42,513,189,135,134,114,88,398
CARSON,65,367,167,113,127,150,147,1361,6,0,4,3,4,0,2,0,4,0,0,0,0,3,12,5,5,1,3,3,34,75,24,23,15,18,15,145
CASS,67,1570,653,526,548,525,593,6670,419,149,166,163,125,123,1377,10,5,2,1,8,9,20,91,18,25,14,7,13,132,221,54,42,40,47,45,197
CASTRO,69,151,61,53,64,40,52,687,14,5,12,2,7,4,29,7,1,4,5,0,5,4,6,5,2,0,0,0,13,583,205,201,168,125,138,828
CHAMBERS,71,2992,1046,815,986,1107,1162,7727,384,154,114,133,126,109,948,43,23,21,18,16,25,109,131,30,34,27,15,13,137,1637,560,474,469,446,460,1613
CHEROKEE,73,2236,865,690,760,886,801,9073,561,242,223,211,195,164,1560,7,10,9,10,9,6,84,214,48,44,26,31,17,166,1811,596,487,391,385,331,1623
CHILDRESS,75,247,105,72,102,84,117,1048,11,3,10,10,4,4,56,4,5,0,0,0,2,17,13,7,1,7,4,6,26,165,57,49,47,27,47,252
CLAY,77,632,269,193,221,211,250,2768,5,2,3,1,6,1,7,1,0,0,0,1,0,25,31,10,5,8,3,7,95,69,22,24,18,23,15,114
COCHRAN,79,55,28,19,16,23,25,278,1,4,3,1,0,2,33,0,0,0,0,0,0,0,3,0,2,0,0,0,16,190,82,39,53,55,49,262
COKE,81,181,62,74,69,59,75,800,0,0,0,0,0,0,0,0,0,0,0,1,0,2,11,1,2,6,0,2,11,71,30,23,18,17,17,135
COLEMAN,83,380,141,108,111,114,124,1865,14,5,8,4,5,3,58,4,0,0,0,5,3,2,24,4,1,6,4,3,62,163,59,53,49,40,42,305
COLLIN,85,47085,20026,17245,17832,17083,21190,168262,10616,4248,3884,4260,4225,4915,24948,16152,5798,4656,5282,6047,8535,35281,6363,1888,1412,1321,1088,1123,5209,20870,7941,6678,6238,5924,6621,31066
COLLINGSWORTH,87,125,35,37,31,33,48,471,7,7,3,5,5,2,26,0,0,0,0,0,0,1,17,2,3,0,1,1,19,129,50,26,27,26,39,154
COLORADO,89,652,214,207,263,233,245,3687,230,95,101,75,76,71,650,8,8,0,2,1,4,18,81,13,5,7,8,1,41,922,309,248,202,190,167,1136
COMAL,91,7969,3181,2556,2961,3031,3425,35161,264,104,93,111,131,94,909,88,57,38,42,58,72,444,377,110,106,104,91,65,567,5787,2095,1775,1708,1763,1849,10578
COMANCHE,93,565,220,197,195,224,219,3089,1,1,1,0,0,0,2,1,0,0,1,0,3,16,28,8,8,9,5,4,44,515,187,149,137,124,113,720
CONCHO,95,72,31,30,30,17,27,453,0,0,0,1,0,0,10,0,0,0,0,0,0,0,0,0,0,2,1,0,9,129,53,42,41,46,48,316
COOKE,97,2211,738,764,883,924,862,9218,110,45,36,38,40,36,257,24,13,12,16,12,16,97,172,40,41,42,30,29,228,1231,381,344,335,282,241,1177
CORYELL,99,3568,1049,1628,2000,2053,1831,11074,1047,327,602,825,707,617,2510,89,30,55,72,64,64,508,1089,243,271,250,225,165,634,1864,515,791,903,825,675,2348
COTTLE,101,51,26,22,16,15,23,301,11,2,0,3,3,6,44,0,0,0,0,0,0,0,2,0,0,0,0,2,0,36,14,9,5,5,13,80
CRANE,103,104,47,43,34,25,40,408,14,1,2,2,0,0,26,0,0,0,1,0,0,2,0,1,4,1,2,1,6,391,137,115,124,83,115,536
CROCKETT,105,81,22,18,31,22,35,327,0,0,0,0,0,0,0,0,0,0,0,1,0,2,2,0,0,0,0,0,2,209,85,59,65,43,57,445
CROSBY,107,114,49,32,44,32,60,592,17,6,4,1,3,6,46,0,0,0,0,0,0,0,10,1,0,2,0,0,5,353,131,103,113,73,81,616
CULBERSON,109,32,14,10,15,20,9,140,0,0,0,0,0,0,0,0,0,0,0,0,2,8,0,0,0,0,2,0,11,159,52,41,48,48,41,429
DALLAM,111,371,91,88,113,95,132,758,13,4,3,2,0,1,14,0,0,0,0,2,1,4,18,17,15,4,1,1,66,499,133,94,98,105,96,504
DALLAS,113,41926,13593,17856,30566,29234,25085,205411,55221,19582,19578,26326,25499,22591,142319,14369,4673,5762,9239,8968,7919,36245,8682,2044,2136,2743,2277,1815,7956,134356,47015,43895,44136,37811,34644,170441
DAWSON,115,297,83,85,97,100,104,1167,31,17,18,13,12,10,110,18,3,0,0,3,0,6,34,6,10,6,6,3,37,837,257,208,209,192,199,1251
DE WITT,123,715,253,206,261,261,240,3319,101,43,43,36,22,26,342,7,0,2,3,0,0,13,64,13,12,13,9,8,61,826,256,202,193,190,244,1348
DEAF SMITH,117,248,103,88,104,82,91,1379,10,9,9,3,8,4,32,9,1,9,3,5,5,11,23,8,10,9,2,2,45,1949,589,530,501,462,423,2308
DELTA,119,354,119,93,116,124,113,1236,41,10,12,19,12,10,83,2,1,0,0,0,0,12,21,9,11,7,4,3,56,58,18,9,10,14,17,58
DENTON,121,38791,16544,17145,17347,17088,19211,144817,9323,3758,4361,4394,5004,4738,20813,7411,2869,2581,3290,3573,4450,18624,4827,1366,1336,1151,1122,841,4034,21843,8144,7996,7414,7106,7060,31659
DICKENS,125,67,23,13,21,18,9,379,4,0,2,0,0,0,3,0,0,0,0,1,0,2,2,0,0,0,0,0,2,44,20,16,9,9,16,88
DIMMIT,127,86,34,25,18,26,28,270,3,3,1,3,2,2,6,0,0,0,7,0,0,16,4,0,0,0,0,4,4,834,326,259,239,216,203,1716
DONLEY,129,173,119,62,66,55,52,859,23,10,10,11,8,1,48,0,0,2,0,0,0,1,11,4,0,5,1,0,15,35,23,17,7,6,14,58
DUVAL,131,62,22,21,21,25,19,259,0,0,0,0,0,0,0,0,0,0,0,0,0,3,3,4,1,0,0,2,2,939,273,278,255,231,229,1957
EASTLAND,133,942,426,338,350,307,351,4225,19,86,40,6,6,6,46,5,2,1,2,3,5,19,39,9,8,4,8,5,77,377,191,98,105,89,93,505
ECTOR,135,4055,1357,1288,1553,1812,1645,12160,816,249,243,257,270,253,1198,138,48,84,74,87,74,377,420,102,119,127,84,70,319,13705,4171,3847,4044,3859,3528,15176
EDWARDS,137,37,9,4,5,2,11,211,0,1,0,1,2,0,0,0,0,0,0,0,0,0,0,0,0,0,0,0,1,75,23,19,21,14,16,181
EL PASO,141,8350,2345,3171,3872,3759,3375,24769,2653,846,1137,1298,1036,838,4067,808,277,389,479,496,548,2755,2463,518,608,598,538,452,1881,74832,27220,26646,26931,23866,22746,156099
ELLIS,139,9901,3811,3146,3512,3729,4145,34024,1891,815,677,624,700,782,4859,84,31,29,36,40,64,271,702,201,155,153,105,100,617,7051,2604,2039,2052,2105,2027,8681
ERATH,143,2006,1491,2516,1051,1011,716,7632,33,47,85,26,15,7,47,47,24,16,11,11,16,37,88,32,35,38,18,10,119,1276,517,589,368,329,301,1368
FALLS,145,520,157,182,235,274,284,2704,330,108,159,220,197,167,966,9,0,5,2,1,0,12,76,13,15,26,7,5,90,467,148,165,178,185,156,681
FANNIN,147,1960,811,622,718,793,785,7986,126,55,39,52,46,54,393,2,1,5,3,2,5,61,162,37,22,30,30,29,230,543,179,134,130,131,117,566
FAYETTE,149,950,354,343,399,335,376,5902,149,83,49,65,39,52,461,7,0,1,0,1,1,18,54,12,12,11,6,8,86,703,258,187,166,181,235,881
FISHER,151,182,58,44,66,61,64,723,11,3,1,6,1,2,31,0,0,0,0,0,0,2,4,1,0,3,1,0,10,119,35,28,40,23,49,268
FLOYD,153,129,32,30,38,37,48,621,19,6,7,5,6,8,51,0,0,0,0,0,0,3,4,0,5,1,3,0,8,390,150,114,110,98,100,601
FOARD,155,54,28,21,19,18,22,286,4,7,6,3,0,1,8,1,1,0,0,0,0,0,0,0,0,0,0,0,0,25,10,3,5,3,5,48
FORT BEND,157,24308,9211,6681,6788,6890,9703,75605,16283,6348,5647,5296,5088,6091,41729,16342,6581,5068,5277,6106,7908,42618,4315,1237,953,714,584,621,3302,24064,9298,7612,6819,7021,8529,40950
FRANKLIN,159,576,238,167,185,220,208,2450,46,15,27,22,14,13,111,2,8,5,0,0,0,14,32,8,6,6,8,1,71,224,74,71,53,43,51,221
FREESTONE,161,926,383,272,308,298,321,3832,250,90,69,80,67,68,781,4,0,0,8,5,1,9,58,12,6,8,7,5,54,446,175,105,67,92,112,436
FRIO,163,210,57,54,70,54,56,711,13,1,3,6,4,3,25,9,2,3,2,1,6,15,14,6,8,5,5,0,31,1376,517,459,450,326,356,2538
GAINES,165,1607,548,397,375,388,350,2240,35,10,8,7,5,7,72,8,0,0,4,0,3,10,35,15,2,9,8,6,24,1360,459,332,293,271,304,1416
GALVESTON,167,14715,5626,4802,5634,6211,6428,55595,4282,1608,1478,1732,1584,1541,11405,923,510,497,533,464,521,3467,1397,359,313,287,234,209,1405,10375,3816,3331,3357,3149,3403,16760
GARZA,169,128,49,43,53,59,58,644,31,7,8,9,13,5,52,0,0,0,0,0,4,1,11,3,2,4,1,1,5,155,61,55,64,58,47,320
GILLESPIE,171,1092,415,351,396,328,426,7133,10,4,0,5,5,3,23,6,9,0,4,5,4,28,40,11,11,7,11,6,92,907,275,243,233,191,225,1305
GLASSCOCK,173,73,14,21,27,14,22,181,0,0,1,1,0,0,1,0,0,0,0,0,0,0,1,0,0,0,0,0,0,33,13,15,10,4,9,64
GOLIAD,175,244,105,76,95,74,130,1279,35,12,7,1,5,5,94,0,0,0,0,0,0,1,15,8,6,3,6,2,12,290,94,92,93,78,81,671
GONZALES,177,486,181,175,214,197,192,2471,100,46,33,29,28,38,310,7,5,2,1,5,5,26,26,10,13,4,7,3,46,1285,475,357,339,316,293,1844
GRAY,179,869,367,259,360,351,369,3518,47,18,13,13,9,6,88,9,5,0,0,4,6,20,74,22,15,18,8,15,88,896,305,232,216,194,202,893
GRAYSON,181,7482,3035,2788,2849,3213,3118,30562,742,324,301,295,303,253,1835,121,160,210,34,62,57,305,951,273,248,206,165,144,1113,3018,926,858,647,672,602,2763
GREGG,183,5123,1840,1956,2193,2307,2135,19901,2443,912,995,1055,934,839,5865,118,41,58,69,69,64,361,600,173,130,108,81,54,448,3738,1237,925,911,835,743,3066
GRIMES,185,1184,393,322,409,445,432,4797,324,150,116,125,94,106,941,1,1,1,5,0,0,18,103,17,18,17,11,18,136,920,335,245,225,222,215,1138
GUADALUPE,187,6651,2521,2047,2381,2739,2959,23924,989,462,456,408,327,443,3417,149,89,73,94,97,107,906,696,201,181,136,119,119,657,7599,2901,2539,2443,2434,2618,13908
HALE,189,683,283,294,252,291,251,2965,124,46,45,42,35,23,281,18,3,5,1,7,4,33,75,20,16,12,18,11,91,2419,871,707,648,607,604,3359
HALL,191,89,28,35,30,18,27,525,22,9,5,4,5,8,69,0,0,0,0,0,0,0,2,2,0,2,0,0,5,122,47,32,31,29,35,224
HAMILTON,193,471,170,152,163,166,172,2132,1,0,0,3,2,2,5,0,2,2,0,0,4,7,6,0,3,4,0,4,28,138,53,34,41,36,32,195
HANSFORD,195,192,94,53,67,77,55,741,1,1,0,1,0,1,2,2,0,2,2,0,1,0,9,0,4,5,3,0,16,337,137,96,94,68,68,409
HARDEMAN,197,132,56,51,51,42,53,692,13,0,0,5,3,5,61,0,0,0,0,0,0,2,12,2,3,4,3,0,20,117,35,35,54,25,40,185
HARDIN,199,4184,1550,1319,1476,1569,1573,13228,307,94,112,89,99,94,743,19,11,5,14,13,14,84,174,42,32,27,24,19,151,447,156,117,106,107,112,536
HARRIS,201,97592,32329,32242,46949,48368,48373,371660,87787,30091,30891,40133,40328,34607,199380,25968,9712,11866,15795,16404,15278,86547,16998,4109,3807,4633,3782,3300,14134,250022,84609,78100,80195,74569,72241,351880
HARRISON,203,3320,1245,1047,1152,1283,1338,12297,1200,548,540,486,478,425,3962,30,20,11,8,7,22,93,247,68,59,30,33,28,236,1653,535,407,321,328,309,1214
HARTLEY,205,229,79,85,104,66,72,852,4,0,3,0,0,0,3,2,2,2,0,0,3,2,11,4,0,0,3,2,8,158,70,38,35,35,20,162
HASKELL,207,187,78,63,80,74,84,1086,10,4,8,7,5,4,36,0,0,0,2,0,0,5,19,4,2,7,3,1,13,136,66,57,59,45,49,305
HAYS,209,9128,4181,8686,4241,4279,4650,33581,486,247,651,303,234,190,1042,235,124,232,234,192,200,946,845,285,478,229,195,183,845,11122,4204,6537,4451,3065,3867,17421
HEMPHILL,211,159,92,47,41,41,56,583,0,0,0,0,0,0,0,0,0,0,0,2,0,0,4,2,1,4,1,0,6,177,73,47,45,23,40,176
HENDERSON,213,4274,1619,1506,1672,1822,1682,20470,417,204,197,186,162,155,1459,28,15,6,11,7,15,119,302,67,63,45,36,41,374,1476,511,455,413,333,347,1795
HIDALGO,215,3129,1156,938,1206,1132,1047,17602,340,102,100,103,90,71,344,637,327,364,284,302,317,2615,336,93,83,110,73,71,430,103790,35138,33092,30573,25004,25025,156530
HILL,217,1720,674,578,550,704,710,7652,210,98,81,61,72,52,570,12,1,7,10,11,5,37,118,35,34,23,21,13,156,1087,401,329,263,284,249,1230
HOCKLEY,219,635,316,286,246,286,263,2688,81,51,70,24,17,18,161,2,1,6,2,0,3,13,30,15,11,8,6,4,54,1313,484,451,346,366,391,1869
HOOD,221,3532,1306,1104,1293,1325,1457,17248,34,10,8,13,10,11,50,24,10,9,11,10,14,118,108,43,30,26,24,26,234,1159,391,322,310,281,283,1384
HOPKINS,223,2033,798,631,758,826,805,7935,234,81,83,96,61,71,717,17,7,2,5,8,6,62,161,54,36,30,13,16,136,915,321,257,267,224,168,875
HOUSTON,225,813,329,258,307,274,323,4181,410,134,123,127,151,130,1270,11,4,5,9,10,4,18,71,24,19,17,5,8,83,346,95,84,87,64,47,336
HOWARD,227,1079,348,348,457,541,501,3943,106,48,51,48,45,41,237,12,7,9,9,7,8,42,76,18,21,21,11,17,94,1539,493,455,480,517,482,2346
HUDSPETH,229,35,9,10,15,13,28,158,2,1,0,1,0,0,0,0,1,0,0,2,0,0,1,0,1,1,2,1,2,202,73,72,117,88,92,483
HUNT,231,5235,2139,2141,2114,2228,2068,20461,821,416,478,339,341,279,2039,71,46,101,86,41,32,250,441,104,111,96,118,57,452,2484,868,803,648,519,551,2571
HUTCHINSON,233,1123,406,339,384,371,420,3807,46,17,21,12,13,10,133,10,5,1,3,3,2,28,114,31,27,21,17,18,181,641,260,205,165,159,162,781
IRION,235,104,29,18,41,20,43,291,0,1,0,0,0,0,2,0,0,0,0,0,0,0,1,0,2,0,2,0,4,42,17,8,11,11,8,106
JACK,237,480,161,145,162,169,181,1698,9,2,3,5,1,4,15,0,0,0,0,0,3,6,17,5,4,3,2,2,20,194,73,54,48,36,35,234
JACKSON,239,640,234,191,209,232,256,2490,122,32,33,38,27,27,246,4,1,4,4,5,5,14,41,6,2,7,6,1,42,755,226,193,158,155,172,901
JASPER,241,1887,641,522,628,664,642,6999,513,197,148,196,132,162,1352,15,2,7,6,3,7,70,141,53,36,28,18,16,136,349,104,95,88,57,60,338
JEFF DAVIS,243,8,16,13,19,18,25,457,0,2,0,0,0,0,0,0,0,0,0,0,0,5,0,1,0,0,1,0,14,20,10,16,20,26,29,269
JEFFERSON,245,6634,2225,2770,2829,2809,2932,28455,8055,2720,3229,3136,2795,2523,19512,792,331,408,475,432,440,2334,942,266,242,180,138,92,632,7229,1993,1952,1869,1665,1604,7535
JIM HOGG,247,32,7,6,3,7,4,91,0,0,0,0,0,0,0,5,0,0,0,0,2,6,1,2,4,5,1,1,5,521,167,128,107,119,120,962
JIM WELLS,249,494,179,145,194,141,186,1864,16,4,6,2,3,3,19,5,1,5,3,18,20,29,38,5,12,7,6,4,50,3511,1072,973,1016,963,981,6967
JOHNSON,251,10675,4128,3420,3880,4304,4322,36105,551,229,200,156,188,205,1218,99,33,25,31,64,65,277,865,276,228,182,163,127,774,5666,1992,1657,1555,1453,1421,6421
JONES,253,762,277,199,250,280,280,2950,30,21,16,9,9,10,138,4,3,3,4,0,2,13,59,10,9,6,10,8,65,468,188,132,112,107,125,743
KARNES,255,307,132,125,126,119,115,1471,17,8,6,6,2,7,48,1,0,0,2,1,0,9,24,9,8,3,7,4,27,837,272,265,237,279,245,1383
KAUFMAN,257,8606,3093,2411,2947,3460,3614,26378,1885,674,492,555,702,798,3617,127,57,35,57,69,75,333,626,183,120,139,89,91,474,4973,1732,1243,1389,1392,1435,4787
KENDALL,259,2330,1173,800,756,701,910,10427,23,6,6,3,1,8,29,13,10,5,5,8,13,72,75,38,24,16,10,15,126,1364,523,355,347,397,498,2451
KENEDY,261,5,2,4,1,1,4,15,0,0,0,0,0,0,0,0,0,0,0,0,0,0,1,0,0,0,0,0,0,10,13,10,5,9,6,73
KENT,263,52,16,10,17,15,22,181,0,0,0,0,0,0,4,0,0,0,0,0,0,0,2,0,1,0,0,0,2,10,6,5,0,2,0,32
KERR,265,1873,801,804,748,840,784,12653,54,27,28,22,26,6,164,36,13,12,27,25,19,127,91,29,41,29,21,21,257,1795,653,615,618,527,553,3095
KIMBLE,267,171,53,57,62,59,59,1017,2,0,0,0,0,0,0,0,2,1,0,0,0,3,1,0,0,0,1,0,11,140,54,49,47,30,31,296
KING,269,22,14,5,5,1,10,61,0,0,0,0,0,0,0,0,0,0,0,0,0,0,0,0,0,0,2,0,0,0,0,1,1,2,0,7
KINNEY,271,59,19,13,15,10,17,383,1,0,1,0,0,1,5,0,0,0,0,0,0,0,5,5,3,3,0,0,10,174,56,52,51,38,54,417
KLEBERG,273,396,126,297,270,159,137,1360,87,24,116,45,21,23,156,20,35,68,42,7,15,95,56,8,51,17,7,9,45,2254,932,1819,999,566,644,4060
KNOX,275,141,50,38,49,43,52,586,9,6,7,4,2,7,65,0,0,0,0,0,0,2,10,1,0,0,2,0,4,173,61,32,40,40,45,210
LA SALLE,283,52,12,10,19,23,21,223,0,0,0,0,0,0,0,0,0,0,0,0,0,0,3,3,0,0,1,0,4,428,141,177,163,157,160,1095
LAMAR,277,2777,992,968,1078,1152,1017,10771,609,224,225,231,237,197,1623,25,14,15,14,10,9,101,436,99,80,96,79,60,386,677,218,192,152,132,114,527
LAMB,279,350,118,103,116,109,117,1517,61,14,17,19,9,14,150,5,0,0,1,0,0,3,40,10,10,7,15,1,63,907,333,223,207,224,231,1405
LAMPASAS,281,1040,462,335,368,369,465,4955,53,23,17,15,12,19,161,13,1,8,9,2,4,105,145,40,30,26,20,18,203,577,198,153,167,133,136,907
LAVACA,285,1071,420,306,339,346,385,4592,140,46,60,41,33,36,385,9,2,0,2,2,0,22,36,9,9,6,11,8,49,592,213,152,144,130,159,718
LEE,287,701,216,181,278,264,319,3392,109,45,32,54,49,47,493,4,1,1,3,1,3,15,51,23,12,9,2,12,83,546,187,167,191,184,150,751
LEON,289,833,329,244,290,264,297,3761,74,29,26,27,22,18,330,9,5,5,3,0,2,34,29,7,5,7,6,3,79,341,125,84,67,61,77,359
LIBERTY,291,5205,1769,1655,2096,2134,1979,16438,711,261,333,467,397,302,2313,40,37,36,18,13,17,103,332,82,68,55,45,40,325,3778,1154,970,922,841,842,3192
LIMESTONE,293,786,260,227,318,310,298,4007,297,111,102,120,124,113,954,9,0,12,4,0,7,18,95,21,20,12,13,10,94,731,210,203,173,158,152,745
LIPSCOMB,295,122,53,42,37,43,48,571,0,0,0,0,0,0,0,5,1,0,0,2,1,0,8,4,5,0,1,1,15,138,52,32,23,18,34,160
LIVE OAK,297,394,153,104,143,152,139,1932,11,5,5,3,1,5,10,1,1,5,2,0,0,10,13,3,4,2,5,0,28,412,120,123,131,104,119,846
LLANO,299,850,295,284,335,315,326,7110,11,1,0,3,10,6,30,7,6,3,3,1,2,44,32,6,11,12,6,4,111,291,114,83,80,92,62,548
LOVING,301,3,3,0,0,2,0,0,0,0,0,0,0,0,0,0,0,0,0,0,0,0,0,0,0,0,0,0,0,0,0,0,0,0,0,0
LUBBOCK,303,11087,5037,11711,6389,4712,4865,39078,2356,958,1319,1027,754,703,4183,442,213,558,413,240,226,1445,784,246,413,294,186,131,848,13639,4925,6705,5178,4036,3879,19250
LYNN,305,226,63,47,65,77,93,671,8,2,1,5,3,3,31,0,0,0,0,0,0,5,6,0,4,4,4,2,9,314,129,82,72,79,93,541
MADISON,313,524,181,151,213,184,156,1914,164,67,81,56,41,49,409,4,6,19,9,0,2,9,54,13,4,9,7,13,63,395,120,104,120,77,71,404
MARION,315,405,140,115,148,148,168,2210,144,57,71,63,63,60,719,5,0,0,0,0,3,18,47,16,13,6,5,3,101,52,20,11,7,14,23,81
MARTIN,317,274,95,66,68,58,88,599,6,2,3,1,2,1,0,0,0,0,1,0,0,0,9,2,4,0,3,0,13,356,115,85,82,106,110,439
MASON,319,146,59,56,56,40,60,971,1,1,0,0,2,1,2,0,0,0,0,0,0,3,7,3,3,1,0,0,8,92,45,32,24,26,31,222
MATAGORDA,321,1092,387,302,422,420,452,4704,380,123,106,138,130,99,1041,39,23,27,28,12,17,202,68,19,16,12,14,18,74,2069,617,551,547,540,441,2860
MAVERICK,323,173,66,45,59,50,68,386,4,4,4,2,5,2,7,3,11,3,6,1,5,29,109,43,26,21,24,24,110,6520,2286,2000,1939,1640,1542,11036
MCCULLOCH,307,282,108,100,130,121,112,1557,14,4,7,5,0,4,27,1,0,1,1,2,1,2,19,2,1,0,4,2,26,256,106,89,74,81,63,524
MCLENNAN,309,9699,4669,7438,4362,4224,4145,37485,3741,1531,2088,1583,1320,1141,8486,296,221,517,153,178,163,856,1094,347,378,221,170,128,733,9204,3511,3509,2833,2477,2245,10980
MCMULLEN,311,29,14,5,9,7,9,104,0,0,0,0,0,0,0,0,0,0,0,0,0,0,0,0,0,0,0,0,1,20,12,5,4,6,12,50
MEDINA,325,1484,606,462,491,504,592,6551,38,12,17,18,10,8,118,17,3,7,2,10,19,109,86,31,20,21,16,21,147,2774,1098,886,832,862,870,5915
MENARD,327,66,21,18,17,17,23,400,0,0,0,0,1,0,0,0,0,0,0,0,0,0,0,0,0,0,0,0,3,69,25,23,26,12,19,237
MIDLAND,329,6578,1681,1569,2669,3022,2755,16759,1166,344,332,378,404,365,1891,342,115,105,132,153,192,506,552,99,101,112,119,89,365,10617,3195,2891,3498,3472,3130,11963
MILAM,331,884,390,280,367,337,376,4849,202,68,61,68,62,52,618,5,1,1,7,11,7,33,63,16,12,16,4,8,71,976,359,276,231,204,259,1285
MILLS,333,192,97,72,69,56,79,1149,4,2,2,0,0,0,1,0,0,0,0,0,0,0,11,0,0,3,3,1,15,104,36,35,24,25,18,195
MITCHELL,335,332,97,81,111,85,118,1192,36,12,8,6,6,3,55,2,1,0,0,0,2,8,24,4,4,2,1,2,19,348,101,82,87,80,94,582
MONTAGUE,337,1315,458,408,422,483,445,5097,9,4,6,0,0,0,5,5,2,0,0,2,4,21,45,17,8,13,5,5,113,388,103,112,97,81,93,349
MONTGOMERY,339,33529,12584,10341,12351,12393,13552,115142,3319,1140,1095,1292,1219,1260,6966,1702,610,563,616,807,972,4964,2454,728,552,518,439,407,2327,22265,7915,6402,6064,5540,6074,27459
MOORE,341,533,186,142,194,174,184,1842,43,11,13,7,9,5,25,288,68,57,70,103,76,286,69,14,6,10,3,8,75,1665,532,412,437,351,358,1814
MORRIS,343,553,199,156,186,208,223,2432,192,85,80,100,80,73,772,6,0,3,1,1,0,15,67,18,23,12,7,5,77,196,58,48,47,35,31,171
MOTLEY,345,56,21,15,19,17,13,291,0,0,0,0,0,0,3,0,0,0,0,0,0,0,0,0,0,0,0,0,0,25,6,5,1,5,6,34
NACOGDOCHES,347,2481,1156,3141,1267,767,977,9675,1060,508,1089,514,295,313,2305,76,56,94,34,30,40,265,303,81,132,43,17,31,203,1851,669,906,485,300,322,1641
NAVARRO,349,2163,783,646,776,843,785,9258,689,204,217,229,239,196,1803,26,7,15,6,16,13,75,340,57,52,48,59,54,212,2147,765,613,553,424,450,2185
NEWTON,351,584,239,210,226,228,218,2630,158,84,64,60,47,65,692,2,5,1,0,0,1,8,47,13,7,9,5,6,62,54,19,23,12,13,5,63
NOLAN,353,650,227,156,200,214,219,2287,74,24,19,19,18,14,154,10,0,1,1,0,2,20,41,9,7,3,4,1,35,667,242,187,165,163,192,1163
NUECES,355,6477,2072,2905,3085,3037,3012,27814,1083,409,559,482,392,414,2712,595,266,299,233,254,293,2027,666,199,215,206,152,142,858,23665,8535,8902,8325,7765,7817,49766
OCHILTREE,357,355,134,96,110,125,140,1142,1,1,0,0,0,1,0,2,1,0,2,1,2,5,19,3,6,5,2,2,26,805,318,218,184,184,177,795
OLDHAM,359,67,38,27,46,36,57,396,2,9,2,5,2,1,3,0,1,0,0,0,0,0,2,2,2,0,3,0,3,19,9,3,8,7,11,48
ORANGE,361,5744,2043,1818,2117,2215,2186,17980,848,285,251,328,261,224,1708,75,33,59,48,25,31,226,282,58,60,68,52,37,305,858,234,209,229,209,195,889
PALO PINTO,363,1507,543,503,582,626,578,6297,69,24,24,13,14,17,166,13,4,2,4,8,5,34,72,20,22,16,6,16,122,821,296,273,241,205,178,1029
PANOLA,365,1190,500,431,419,404,465,4633,301,122,116,111,121,94,1027,9,8,5,2,1,1,22,70,17,16,14,9,9,78,313,126,86,73,62,63,297
PARKER,367,10589,4079,3139,3320,3970,4289,35146,207,74,95,62,59,48,453,53,35,25,37,25,41,229,506,135,114,117,113,92,643,2582,898,743,698,656,647,3269
PARMER,369,230,68,65,75,66,89,989,9,5,5,1,3,2,31,0,0,0,4,2,2,0,3,3,1,1,2,2,7,747,291,215,195,175,189,1163
PECOS,371,237,65,63,94,74,96,822,13,6,3,4,3,5,16,13,0,3,6,0,2,25,31,2,7,5,5,5,34,1213,413,290,339,350,354,1916
POLK,373,2371,826,677,829,873,845,11142,400,133,144,151,111,96,1011,19,6,2,10,4,20,80,251,55,57,54,36,31,339,879,263,233,228,203,228,1111
POTTER,375,3548,1276,1267,1483,1499,1591,14374,1153,327,292,362,362,278,1713,769,271,225,211,237,242,1055,524,141,123,108,82,64,487,6115,1957,1852,1804,1637,1519,7073
PRESIDIO,377,61,7,14,25,22,41,295,2,0,0,2,0,0,0,7,2,3,1,0,0,9,1,0,1,2,0,0,18,564,175,139,143,117,126,1194
RAINS,379,689,257,200,236,290,294,3333,23,2,10,8,5,7,74,2,0,3,0,0,6,21,37,6,8,5,4,7,64,143,42,40,39,28,36,213
RANDALL,381,7510,2913,3257,3048,3203,3317,27175,478,173,214,188,123,137,599,201,76,98,93,81,111,406,545,125,165,157,82,91,528,4308,1530,1597,1565,1394,1524,5170
REAGAN,383,74,12,15,23,29,36,287,6,4,2,0,0,0,9,0,0,0,0,0,0,0,1,1,0,1,0,0,2,291,95,96,64,55,77,375
REAL,385,81,22,29,33,40,35,715,0,0,0,3,0,0,0,0,0,0,0,0,0,0,3,3,1,3,1,2,20,79,25,19,21,16,29,177
RED RIVER,387,556,176,173,199,188,217,2674,164,49,56,52,55,53,658,0,0,3,0,0,0,4,51,12,13,12,13,5,89,120,45,24,32,23,27,156
REEVES,389,146,42,47,67,40,52,426,15,10,15,11,11,7,43,10,1,4,3,10,6,24,12,1,4,1,1,1,11,1147,326,301,315,300,319,1961
REFUGIO,391,171,64,56,66,58,65,886,35,9,6,11,9,6,111,0,1,0,0,0,0,5,10,4,1,2,1,2,18,392,127,114,101,102,123,861
ROBERTS,393,71,27,19,19,23,24,205,0,0,0,0,0,0,0,0,0,0,0,0,0,0,0,0,0,0,0,0,3,6,2,4,1,4,4,14
ROBERTSON,395,658,191,192,234,223,271,2897,303,101,86,117,124,92,960,6,2,5,0,1,5,29,29,9,10,7,1,6,43,524,175,135,130,129,170,639
ROCKWALL,397,6880,2982,2162,2144,2034,2889,22327,743,329,223,201,209,286,1521,298,132,123,92,112,134,914,411,121,89,89,57,70,374,2706,965,743,708,738,874,3565
RUNNELS,399,428,166,136,126,145,176,1789,14,6,3,4,4,4,33,0,0,0,0,0,1,3,11,2,7,5,9,5,32,385,156,144,110,96,130,705
RUSK,401,2343,892,724,834,954,928,9021,542,207,198,217,210,204,2016,13,3,5,6,18,8,47,175,54,49,39,18,20,208,1266,418,383,289,263,263,1233
SABINE,403,482,208,160,180,179,171,2734,65,22,24,17,20,13,218,3,1,0,0,0,0,14,40,11,14,11,7,5,80,74,28,16,12,22,9,88
SAN AUGUSTINE,405,338,97,100,144,123,107,1754,164,80,36,41,55,46,551,0,0,1,1,0,2,3,13,3,7,7,5,3,15,94,26,20,23,9,24,89
SAN JACINTO,407,1332,497,424,518,516,511,6063,186,79,74,91,72,61,793,16,7,0,6,2,1,45,92,31,16,18,8,9,115,519,182,146,149,138,131,745
SAN PATRICIO,409,1890,699,574,743,789,811,7221,88,28,19,36,31,34,162,37,20,21,14,17,22,180,126,51,37,28,23,29,176,4662,1686,1344,1292,1360,1405,8195
SAN SABA,411,204,86,59,68,76,68,1178,0,6,0,0,0,0,3,0,0,0,0,0,0,2,5,5,6,4,1,2,21,229,60,43,55,53,47,290
SCHLEICHER,413,72,27,26,16,25,25,316,1,1,4,1,1,0,4,0,1,0,0,0,0,0,0,0,0,0,0,0,3,137,66,49,40,48,56,288
SCURRY,415,586,193,212,222,231,229,2346,33,9,20,12,8,4,66,3,3,0,0,0,5,10,36,13,11,10,5,5,26,943,307,251,238,190,225,1093
SHACKELFORD,417,200,90,48,80,57,72,791,0,0,0,0,0,0,0,2,0,0,3,0,0,1,11,2,1,0,0,1,4,41,19,14,15,5,10,74
SHELBY,419,1153,410,329,408,399,353,4256,401,134,141,144,145,124,1075,12,1,0,6,5,4,23,47,13,12,9,5,7,48,766,236,191,145,152,135,613
SHERMAN,421,100,37,23,41,38,41,412,0,0,0,0,0,0,2,0,0,0,0,0,0,0,1,3,1,0,0,0,7,169,61,37,38,30,43,204
SMITH,423,10049,3965,3899,4251,4605,4247,40028,3620,1803,1577,1690,1565,1400,9698,343,181,162,120,128,185,1004,887,211,199,192,187,121,778,6779,2269,2174,1963,1800,1652,6936
SOMERVELL,425,518,204,132,185,171,194,2112,2,6,1,1,0,4,0,4,5,2,2,4,3,10,27,12,12,4,4,2,48,216,101,76,78,79,86,395
STARR,427,243,104,108,88,75,62,678,3,0,0,0,0,0,0,6,4,2,6,3,4,36,8,0,4,5,4,2,13,8256,2682,2405,2310,1822,1752,12344
STEPHENS,429,388,171,121,153,148,159,1948,16,6,5,1,2,3,28,6,0,0,0,0,0,5,18,5,4,4,3,5,24,303,103,66,83,84,82,368
STERLING,431,89,31,23,12,19,29,225,0,0,0,0,0,0,0,0,0,0,0,0,0,0,0,5,0,3,1,2,6,67,20,18,9,17,18,81
STONEWALL,433,68,33,18,25,18,23,310,0,0,0,2,2,0,6,2,1,0,0,0,0,1,1,0,0,0,0,0,4,21,8,4,9,4,8,49
SUTTON,435,75,36,23,30,22,32,387,0,0,0,0,0,0,0,0,0,0,0,0,0,2,0,0,2,0,0,1,1,214,81,70,64,54,47,468
SWISHER,437,178,82,67,78,52,85,961,43,19,18,7,5,9,65,0,0,0,0,0,0,0,25,1,4,7,5,4,27,388,117,105,107,94,90,520
TARRANT,439,68715,26875,26078,32189,33712,32302,268120,36502,13645,13232,15175,14432,14127,74611,9661,4225,4736,5326,5237,5201,28594,10297,3213,2646,2453,2195,1835,8977,79946,28499,25742,25413,22982,22134,101260
TAYLOR,441,6775,2771,4487,3108,2955,2775,21958,1101,478,601,446,362,308,1603,205,88,263,173,145,136,687,915,202,344,215,120,141,571,4798,1713,1872,1590,1350,1368,5750
TERRELL,443,21,12,1,3,9,8,129,0,0,0,0,0,0,0,0,0,0,0,0,0,0,1,0,0,0,0,0,0,37,10,8,8,8,13,96
TERRY,445,365,111,96,104,108,98,1232,34,19,10,11,7,10,81,2,0,0,0,1,2,2,18,2,4,3,5,2,16,807,269,229,183,193,188,1174
THROCKMORTON,447,103,24,13,27,29,33,419,0,0,0,0,0,0,0,0,1,1,0,0,0,0,1,0,0,0,0,0,5,23,11,6,5,4,8,53
TITUS,449,959,387,339,333,397,346,4177,314,104,101,108,112,78,776,13,11,11,7,5,3,68,102,23,31,11,22,8,85,2073,689,562,541,434,402,1988
TOM GREEN,451,4300,1589,2316,1823,2087,1915,16145,339,164,252,170,155,137,752,107,33,51,52,61,82,278,329,98,160,100,86,57,390,5985,1998,2207,2042,1971,1833,9319
TRAVIS,453,36074,12774,17822,26181,31504,27709,152531,8666,3201,3943,4938,4977,4285,23610,5729,2461,4100,4460,5174,4012,17385,5172,1441,1446,1753,1817,1350,4791,49686,17081,18027,20308,21252,18244,78042
TRINITY,455,638,232,204,253,255,270,3601,96,50,35,47,33,36,422,2,1,3,4,0,0,15,34,14,9,8,5,5,78,190,67,48,40,34,31,225
TYLER,457,1081,429,338,393,336,374,4702,129,53,50,42,44,41,435,10,1,0,0,0,3,10,64,15,23,15,11,6,79,122,43,22,18,16,33,136
UPSHUR,459,2569,946,744,884,1034,936,9222,234,102,111,90,91,94,923,47,6,4,5,4,5,36,193,47,46,49,30,21,197,636,213,163,145,142,139,611
UPTON,461,98,46,22,38,30,41,363,7,2,2,0,0,0,6,0,0,0,0,0,0,0,5,4,0,0,0,2,8,257,98,47,52,74,51,370
UVALDE,463,370,163,126,166,138,150,1927,9,2,6,3,4,2,21,7,5,3,2,7,5,12,30,7,5,8,1,2,58,2170,709,722,681,570,499,3649
VAL VERDE,465,531,119,186,300,228,185,1526,57,17,25,23,18,15,87,16,4,13,12,11,13,40,59,11,19,25,16,14,67,4593,1537,1334,1356,1124,1128,7972
VAN ZANDT,467,3801,1548,1243,1293,1352,1413,15317,142,59,41,40,43,57,449,19,8,8,5,6,9,91,212,71,92,46,21,32,310,956,328,300,225,204,193,997
VICTORIA,469,2825,1000,970,1262,1206,1211,11789,481,227,229,212,165,174,1216,84,30,61,50,45,34,260,279,66,65,66,25,26,209,5015,1788,1676,1632,1540,1499,8403
WALKER,471,1836,1073,3338,1187,949,856,9293,909,550,1236,642,298,348,2370,50,14,88,35,31,23,153,210,69,140,65,32,29,175,1214,542,1138,604,293,275,1819
WALLER,473,1900,735,925,741,686,793,6965,757,1455,2501,403,199,202,1782,27,9,11,5,21,17,65,139,63,40,22,26,9,129,2535,922,969,606,470,590,2735
WARD,475,379,121,96,131,117,145,1003,64,18,16,12,15,14,90,0,0,2,0,0,1,6,28,6,4,5,6,5,19,780,276,194,214,202,221,1147
WASHINGTON,477,1352,773,462,494,548,545,7305,524,387,198,185,185,195,1410,29,18,32,26,20,9,151,104,28,22,10,14,3,82,891,336,292,191,183,213,875
WEBB,479,857,238,315,358,283,285,2499,57,23,25,14,22,18,68,119,62,46,65,34,67,322,64,14,19,18,10,15,115,32491,10530,10745,9757,7266,7567,49987
WHARTON,481,1211,495,446,447,470,517,5530,462,179,189,172,164,171,1324,13,6,14,18,7,7,42,75,16,17,11,12,13,79,2315,798,709,567,553,604,3262
WHEELER,483,234,68,61,98,69,105,970,9,6,5,4,4,4,17,4,0,0,0,0,0,9,14,7,5,2,3,11,20,189,81,46,45,32,43,250
WICHITA,485,5824,2346,2811,2521,2767,2507,21549,1129,452,633,544,443,349,2192,185,101,150,86,109,95,774,687,199,210,151,125,99,593,3457,1135,1167,941,943,846,3835
WILBARGER,487,411,190,164,188,232,223,2250,90,33,35,34,37,40,254,14,4,4,10,5,5,13,56,17,9,9,10,19,83,487,172,140,149,156,164,738
WILLACY,489,93,38,33,38,34,31,501,6,4,10,6,7,8,7,2,1,6,3,1,4,11,8,5,8,6,0,0,16,1720,614,578,589,487,440,3527
WILLIAMSON,491,28732,10883,9003,10772,12466,14432,102394,3809,1404,1319,1669,1588,1660,8935,4383,1452,957,1417,2004,2726,9457,3486,927,732,711,599,677,2642,19001,6888,5981,6304,6497,7005,29510
WILSON,493,2211,825,695,721,698,928,8043,44,17,20,26,17,16,155,19,1,1,7,5,7,60,90,33,17,20,19,21,131,2096,857,688,625,605,720,4737
WINKLER,495,230,71,44,88,86,80,675,11,0,0,5,2,2,37,2,2,0,0,0,0,1,28,7,9,4,5,1,20,610,219,182,138,117,156,835
WISE,497,4293,1554,1292,1454,1633,1652,15104,68,16,18,27,23,16,106,28,10,8,12,9,17,82,229,53,48,64,39,39,294,1923,714,559,479,485,494,2268
WOOD,499,2206,913,733,786,792,839,12344,124,143,261,46,36,45,415,6,4,8,6,2,7,55,137,27,40,26,16,14,202,663,214,208,174,153,135,743
YOAKUM,501,195,63,53,58,53,55,624,6,4,0,1,2,0,6,2,0,0,0,0,0,1,15,4,4,3,0,3,24,778,247,184,165,163,144,816
YOUNG,503,976,375,301,345,369,396,4075,22,4,5,5,6,6,37,2,1,0,0,5,2,20,51,13,11,13,10,9,77,485,182,126,105,135,112,549
ZAPATA,505,35,14,9,9,10,8,243,0,0,0,0,0,0,0,0,3,0,5,0,0,8,0,4,0,0,0,0,11,1655,521,481,421,369,407,2624
ZAVALA,507,54,16,11,16,11,12,126,3,0,0,1,0,0,2,0,0,0,0,0,0,0,1,2,5,1,0,0,4,969,361,324,318,273,244,1877
